[
  {
    "DRUG": "gemcitabine"
  },
  {
    "DRUG": "Abraxane"
  },
  {
    "DRUG": "gemcitabine"
  },
  {
    "DRUG": "capecitabine",
    "FREQUENCY": "alternate week",
    "DURATION": "2 cycles"
  },
  {
    "DRUG": "Tylenol"
  },
  {
    "DRUG": "Flexeril"
  },
  {
    "DRUG": "gabapentin"
  },
  {
    "DRUG": "albuterol",
    "STRENGTH": "90 mcg/actuation",
    "FORM": [
      "metered dose inhaler",
      "puffs"
    ],
    "ROUTE": [
      "Inhale",
      "into the lungs"
    ],
    "DOSAGE": "2",
    "FREQUENCY": "every 4 (four) hours as needed"
  },
  {
    "DRUG": "buPROPion",
    "STRENGTH": [
      "450 mg",
      "450 mg"
    ],
    "FREQUENCY": [
      "TABSR24H",
      "daily"
    ],
    "ROUTE": "by mouth"
  },
  {
    "DRUG": "capecitabine"
  },
  {
    "DRUG": "XELODA",
    "STRENGTH": [
      "500 mg",
      "1 mg",
      "1 mg"
    ],
    "FORM": [
      "tablet",
      "tabs",
      "tabs",
      "tablet",
      "tablet"
    ],
    "DOSAGE": [
      "3",
      "3"
    ],
    "DURATION": [
      "for 7 days",
      "for 7 days"
    ],
    "ROUTE": "by mouth",
    "FREQUENCY": "2 (two) times daily as needed"
  },
  {
    "DRUG": "clotrimazole"
  },
  {
    "DRUG": "LOTRIMIN",
    "STRENGTH": "1 %",
    "FORM": "cream",
    "ROUTE": [
      "topically",
      "sides of mouth/lips"
    ]
  },
  {
    "DRUG": "cyanocobalamin",
    "STRENGTH": [
      "2,500 mcg",
      "2,500 mcg",
      "10 mg"
    ],
    "ROUTE": [
      "SL",
      "PO"
    ],
    "FORM": [
      "tablet",
      "tablet",
      "Tab",
      "Tab"
    ],
    "DOSAGE": "1"
  },
  {
    "DRUG": "diclofenac"
  },
  {
    "DRUG": "VOLTAREN",
    "STRENGTH": "1 %",
    "FORM": "gel",
    "ROUTE": "topically",
    "FREQUENCY": "4 (four) times daily as needed"
  },
  {
    "DRUG": "etodolac",
    "STRENGTH": [
      "400 mg",
      "20 mg",
      "20 mg",
      "20 mg",
      "40 mg",
      "40 mg",
      "40 mg",
      "180"
    ],
    "FORM": [
      "tablet",
      "tablet",
      "tablet",
      "tablet",
      "tablet"
    ],
    "ROUTE": [
      "by mouth",
      "by mouth",
      "by mouth"
    ],
    "FREQUENCY": [
      "2 (two) times daily",
      "in the morning",
      "in the evening",
      "in the morning",
      "at noon",
      "evening"
    ],
    "DOSAGE": [
      "1",
      "1"
    ]
  },
  {
    "DRUG": "FLUoxetine"
  },
  {
    "DRUG": "PROZAC",
    "STRENGTH": [
      "40 mg",
      "40 mg"
    ],
    "FORM": "capsule",
    "ROUTE": "by mouth",
    "FREQUENCY": "daily"
  },
  {
    "DRUG": "fluticasone propionate",
    "ROUTE": [
      "INH",
      "Inhale",
      "lungs"
    ]
  },
  {
    "DRUG": "gabapentin"
  },
  {
    "DRUG": "NEURONTIN",
    "STRENGTH": [
      "300 mg",
      "1,200 mg"
    ],
    "FORM": "capsule",
    "ROUTE": "by mouth",
    "FREQUENCY": "2 (two) times daily"
  },
  {
    "DRUG": "hydrocortisone",
    "STRENGTH": "2.5 %",
    "FORM": "ointment",
    "ROUTE": "topically",
    "FREQUENCY": "4 (four) times daily"
  },
  {
    "DRUG": "levocarnitine HCl"
  },
  {
    "DRUG": "ACETYL-L-CARNITINE MISC)",
    "DOSAGE": "1",
    "FORM": "tablet",
    "ROUTE": "by mouth",
    "FREQUENCY": "daily"
  },
  {
    "DRUG": "lidocaine-diphenhydrAMINE-maalox",
    "FORM": [
      "mouthwash",
      "capsule",
      "caps",
      "capsule"
    ],
    "DOSAGE": [
      "10 mL",
      "10 mL",
      "10 mL",
      "1 to 2",
      "1"
    ],
    "ROUTE": "in the mouth or throat",
    "STRENGTH": "24,000-76,000 -120,000 unit"
  },
  {
    "DRUG": "loperamide"
  },
  {
    "DRUG": "IMODIUM",
    "STRENGTH": "2 mg",
    "FORM": [
      "capsule",
      "capsules",
      "capsule",
      "capsule"
    ],
    "DOSAGE": [
      "two",
      "one"
    ],
    "ROUTE": "by mouth",
    "FREQUENCY": "every 2 hours"
  },
  {
    "DRUG": "LORazepam"
  },
  {
    "DRUG": "ATIVAN",
    "STRENGTH": [
      "1 mg",
      "1 mg"
    ],
    "FORM": "tablet",
    "ROUTE": "by mouth",
    "FREQUENCY": "nightly as needed"
  },
  {
    "DRUG": "losartan"
  },
  {
    "DRUG": "COZAAR",
    "STRENGTH": [
      "50 mg",
      "50 mg",
      "10 mg",
      "10 mg"
    ],
    "FORM": [
      "tablet",
      "tablet"
    ],
    "ROUTE": [
      "by mouth",
      "by mouth"
    ],
    "FREQUENCY": [
      "every evening",
      "daily"
    ]
  },
  {
    "DRUG": "multivitamin",
    "FORM": [
      "tablet",
      "tablet"
    ],
    "DOSAGE": "1",
    "ROUTE": "by mouth",
    "FREQUENCY": "daily"
  },
  {
    "DRUG": "naloxone",
    "STRENGTH": "4 mg/actuation",
    "FORM": [
      "SPRAYNAERO",
      "spray"
    ],
    "DOSAGE": "1",
    "ROUTE": "Nasal route",
    "DURATION": "for up to 1 dose"
  },
  {
    "DRUG": "ondansetron"
  },
  {
    "DRUG": "ZOFRAN",
    "STRENGTH": [
      "8 mg",
      "8 mg",
      "5 mg",
      "5 mg"
    ],
    "FORM": [
      "tablet",
      "tablet",
      "tablet",
      "tablet",
      "tablet"
    ],
    "DOSAGE": [
      "1",
      "1"
    ],
    "ROUTE": [
      "by mouth",
      "by mouth"
    ],
    "FREQUENCY": [
      "every 8 (eight) hours as needed",
      "every 8 (eight) hours as needed"
    ]
  },
  {
    "DRUG": "gabapentin"
  },
  {
    "DRUG": "tylenol"
  },
  {
    "DRUG": "ibuprofen",
    "DOSAGE": "10",
    "FORM": [
      "tablet",
      "packet"
    ],
    "STRENGTH": [
      "17 gram",
      "17 g"
    ],
    "ROUTE": "by mouth"
  },
  {
    "DRUG": "COMPAZINE",
    "STRENGTH": [
      "10 mg",
      "10 mg",
      "1 mg",
      "1 mg"
    ],
    "FORM": [
      "tablet",
      "tablet",
      "tablet",
      "tablet"
    ],
    "DOSAGE": "1",
    "ROUTE": [
      "by mouth",
      "by mouth"
    ],
    "FREQUENCY": [
      "every 6 (six) hours as needed",
      "nightly at bedtime"
    ]
  },
  {
    "DRUG": "tamsulosin"
  },
  {
    "DRUG": "FLOMAX",
    "STRENGTH": [
      "0.4 mg",
      "0.4 mg",
      "120 mg",
      "120 mg",
      "28 mg"
    ],
    "FORM": [
      "24 hr",
      "capsule",
      "capsule",
      "capsule",
      "tablet"
    ],
    "DOSAGE": "1",
    "ROUTE": "by mouth",
    "FREQUENCY": [
      "daily",
      "daily",
      "daily"
    ]
  },
  {
    "DRUG": "ferrous  bis-glycinate"
  },
  {
    "DRUG": "MONONITRATE",
    "STRENGTH": [
      "100 mg",
      "100 mg"
    ],
    "FORM": "tablet",
    "ROUTE": "by mouth",
    "FREQUENCY": "daily"
  },
  {
    "DRUG": "zolpidem"
  },
  {
    "DRUG": "AMBIEN",
    "STRENGTH": [
      "10 mg",
      "10 mg"
    ],
    "FORM": "tablet",
    "ROUTE": "by mouth",
    "FREQUENCY": "nightly as needed"
  },
  {
    "DRUG": "Sulfa (Sulfonamide Antibiotics)"
  },
  {
    "DRUG": "CONTRAST"
  },
  {
    "DRUG": "Iohexol",
    "DOSAGE": "350 - 110 mL",
    "ROUTE": [
      "Intravenous",
      "intravenous"
    ]
  },
  {
    "DRUG": "contrast"
  },
  {
    "DRUG": "Iohexol",
    "DOSAGE": "350 - 110 mL",
    "ROUTE": "Intravenous"
  },
  {
    "DRUG": "chemotherapy"
  },
  {
    "DRUG": "chemotherapy"
  },
  {
    "DRUG": "capecitabine"
  },
  {
    "DRUG": "Lovenox"
  },
  {
    "DRUG": "Lovenox"
  }
]