[
  {
    "DRUG": "Sulfa (Sulfonamide Antibiotics)"
  },
  {
    "DRUG": "CETRORELIX",
    "ROUTE": [
      "under the skin",
      "under the skin"
    ]
  },
  {
    "DRUG": "tamoxifen"
  },
  {
    "DRUG": "NOLVADEX",
    "STRENGTH": [
      "20 mg",
      "8.1 mCi"
    ],
    "FORM": "tablet",
    "ROUTE": [
      "SQ",
      "intravenous"
    ],
    "DOSAGE": "1cc"
  },
  {
    "DRUG": "F18-FDG"
  },
  {
    "DRUG": "FDG"
  },
  {
    "DRUG": "FDG",
    "FORM": "injection",
    "STRENGTH": "1%"
  },
  {
    "DRUG": "Lidocaine"
  },
  {
    "DRUG": "epinephrine"
  },
  {
    "DRUG": "Gadolinium based contrast",
    "ROUTE": [
      "injected",
      "intravenously"
    ],
    "STRENGTH": [
      "0.1 millimole",
      "1%"
    ]
  },
  {
    "DRUG": "Xylocaine",
    "FREQUENCY": "weekly"
  },
  {
    "DRUG": "paclitaxel",
    "DURATION": "x 12 followed",
    "FREQUENCY": "every 2-3 weeks"
  },
  {
    "DRUG": "neulasta"
  },
  {
    "DRUG": "chemotherapy"
  },
  {
    "DRUG": "chemotherapy"
  },
  {
    "DRUG": "chemotherapy"
  }
]